run_name,optimizer,lr_scaling,lr,epoch,gain_min,gain_median,gain_max
tune_gain_muon,muon,unit-gain,0.015,0,,,
tune_gain_muon,muon,unit-gain,0.015,1,0.17131207883358002,0.7643325328826904,0.944670557975769
tune_gain_muon,muon,unit-gain,0.015,2,0.22260697185993195,0.8690031170845032,1.0904312133789062
tune_gain_muon,muon,unit-gain,0.015,3,0.2670898735523224,0.9089473485946655,1.1234983205795288
tune_gain_muon,muon,unit-gain,0.015,4,0.2951602637767792,0.9416148662567139,1.133997917175293
tune_gain_muon,muon,unit-gain,0.015,5,0.32855862379074097,0.9645582437515259,1.1362498998641968
tune_gain_muon,muon,unit-gain,0.015,6,0.35389506816864014,0.9663203358650208,1.1308341026306152
tune_gain_muon,muon,unit-gain,0.015,7,0.38171371817588806,0.9588525891304016,1.122588038444519
tune_gain_muon,muon,unit-gain,0.015,8,0.40929993987083435,0.9360690712928772,1.1070261001586914
tune_gain_muon,muon,unit-gain,0.015,9,0.4350682497024536,0.9265480637550354,1.0872963666915894
tune_gain_muon,muon,unit-gain,0.015,10,0.4579050540924072,0.9212484359741211,1.0727300643920898
tune_gain_muon,muon,unit-gain,0.015,11,0.4822162091732025,0.9089180827140808,1.045065999031067
tune_gain_muon,muon,unit-gain,0.015,12,0.5029743909835815,0.8944292664527893,1.0254755020141602
tune_gain_muon,muon,unit-gain,0.015,13,0.5204393863677979,0.8782262802124023,1.0032562017440796
tune_gain_muon,muon,unit-gain,0.015,14,0.5378822088241577,0.8612894415855408,0.9833278059959412
tune_gain_muon,muon,unit-gain,0.015,15,0.5484864711761475,0.8452820777893066,0.9650394916534424
tune_gain_muon,muon,unit-gain,0.015,16,0.5606021881103516,0.8303306698799133,0.9486110210418701
tune_gain_muon,muon,unit-gain,0.015,17,0.5683301687240601,0.8189054727554321,0.9367708563804626
tune_gain_muon,muon,unit-gain,0.015,18,0.5733368396759033,0.8107802867889404,0.9279097318649292
tune_gain_muon,muon,unit-gain,0.015,19,0.5764580965042114,0.8063733577728271,0.9227348566055298
tune_gain_muon,muon,unit-gain,0.015,20,0.5773096084594727,0.8051366209983826,0.9213820099830627
tune_gain_muon_e20_t,muon,unit-gain,0.005,0,,,
tune_gain_muon_e20_t,muon,unit-gain,0.005,1,0.20048116147518158,0.35524481534957886,0.4651084542274475
tune_gain_muon_e20_t,muon,unit-gain,0.005,2,0.27704188227653503,0.5048853158950806,0.7241168022155762
tune_gain_muon_e20_t,muon,unit-gain,0.005,3,0.3454059064388275,0.6189734935760498,0.9344379305839539
tune_gain_muon_e20_t,muon,unit-gain,0.005,4,0.4069611430168152,0.7170044183731079,1.0914186239242554
tune_gain_muon_e20_t,muon,unit-gain,0.005,5,0.46353456377983093,0.7985711693763733,1.2362666130065918
tune_gain_muon_e20_t,muon,unit-gain,0.005,6,0.5155141949653625,0.874691367149353,1.3614983558654785
tune_gain_muon_e20_t,muon,unit-gain,0.005,7,0.5795790553092957,0.9461395740509033,1.4806925058364868
tune_gain_muon_e20_t,muon,unit-gain,0.005,8,0.636669397354126,1.0121657848358154,1.589652180671692
tune_gain_muon_e20_t,muon,unit-gain,0.005,9,0.6885295510292053,1.0728886127471924,1.688366174697876
tune_gain_muon_e20_t,muon,unit-gain,0.005,10,0.7451872229576111,1.129712462425232,1.7845377922058105
tune_gain_muon_e20_t,muon,unit-gain,0.005,11,0.7979341745376587,1.1865154504776,1.871381163597107
tune_gain_muon_e20_t,muon,unit-gain,0.005,12,0.8542503714561462,1.2452433109283447,1.968494176864624
tune_gain_muon_e20_t,muon,unit-gain,0.005,13,0.9030278325080872,1.3017456531524658,2.0608913898468018
tune_gain_muon_e20_t,muon,unit-gain,0.005,14,0.9556377530097961,1.3570332527160645,2.1355397701263428
tune_gain_muon_e20_t,muon,unit-gain,0.005,15,1.0024346113204956,1.4109396934509277,2.213033437728882
tune_gain_muon_e20_t,muon,unit-gain,0.005,16,1.0567989349365234,1.4636214971542358,2.277190685272217
tune_gain_muon_e20_t,muon,unit-gain,0.005,17,1.1030211448669434,1.515073299407959,2.3454747200012207
tune_gain_muon_e20_t,muon,unit-gain,0.005,18,1.1461303234100342,1.5659786462783813,2.427769899368286
tune_gain_muon_e20_t,muon,unit-gain,0.005,19,1.1951264142990112,1.6121922731399536,2.4933817386627197
tune_gain_muon_e20_t,muon,unit-gain,0.005,20,1.2337290048599243,1.6568630933761597,2.5474472045898438
tune_gain_signmuon,signmuon,unit-gain,0.034,0,,,
tune_gain_signmuon,signmuon,unit-gain,0.034,1,0.16909559071063995,0.9354767799377441,1.29438316822052
tune_gain_signmuon,signmuon,unit-gain,0.034,2,0.219623863697052,0.9973852038383484,1.3564659357070923
tune_gain_signmuon,signmuon,unit-gain,0.034,3,0.2617432475090027,1.0175501108169556,1.3489240407943726
tune_gain_signmuon,signmuon,unit-gain,0.034,4,0.29694563150405884,1.0341709852218628,1.326657772064209
tune_gain_signmuon,signmuon,unit-gain,0.034,5,0.3334580957889557,1.0439268350601196,1.3004478216171265
tune_gain_signmuon,signmuon,unit-gain,0.034,6,0.3686189353466034,1.048531413078308,1.2612098455429077
tune_gain_signmuon,signmuon,unit-gain,0.034,7,0.40117913484573364,1.0581122636795044,1.242431640625
tune_gain_signmuon,signmuon,unit-gain,0.034,8,0.4330499470233917,1.0459578037261963,1.2098311185836792
tune_gain_signmuon,signmuon,unit-gain,0.034,9,0.4627178907394409,1.0350844860076904,1.1918801069259644
tune_gain_signmuon,signmuon,unit-gain,0.034,10,0.4870384633541107,1.0161917209625244,1.158140778541565
tune_gain_signmuon,signmuon,unit-gain,0.034,11,0.5116751790046692,1.0005475282669067,1.1256777048110962
tune_gain_signmuon,signmuon,unit-gain,0.034,12,0.53192538022995,0.9803507924079895,1.0967463254928589
tune_gain_signmuon,signmuon,unit-gain,0.034,13,0.5496237874031067,0.9445306658744812,1.067920207977295
tune_gain_signmuon,signmuon,unit-gain,0.034,14,0.5651710033416748,0.917283296585083,1.0486036539077759
tune_gain_signmuon,signmuon,unit-gain,0.034,15,0.5792524218559265,0.8939774632453918,1.026694893836975
tune_gain_signmuon,signmuon,unit-gain,0.034,16,0.5869871377944946,0.8707714080810547,1.0056344270706177
tune_gain_signmuon,signmuon,unit-gain,0.034,17,0.5854989290237427,0.851611852645874,0.9876316785812378
tune_gain_signmuon,signmuon,unit-gain,0.034,18,0.5846006274223328,0.8380228281021118,0.9734586477279663
tune_gain_signmuon,signmuon,unit-gain,0.034,19,0.5840542316436768,0.8304458260536194,0.9653953313827515
tune_gain_signmuon,signmuon,unit-gain,0.034,20,0.5838412046432495,0.8283109664916992,0.9631227850914001
tune_gain_signmuon_e20_t,signmuon,unit-gain,0.011333333333333334,0,,,
tune_gain_signmuon_e20_t,signmuon,unit-gain,0.011333333333333334,1,0.18469172716140747,0.7364239692687988,1.0018937587738037
tune_gain_signmuon_e20_t,signmuon,unit-gain,0.011333333333333334,2,0.259123831987381,1.036504864692688,1.5153448581695557
tune_gain_signmuon_e20_t,signmuon,unit-gain,0.011333333333333334,3,0.32811465859413147,1.272531509399414,1.9126218557357788
tune_gain_signmuon_e20_t,signmuon,unit-gain,0.011333333333333334,4,0.38894122838974,1.4725135564804077,2.243084669113159
tune_gain_signmuon_e20_t,signmuon,unit-gain,0.011333333333333334,5,0.4450263977050781,1.6498929262161255,2.5389459133148193
tune_gain_signmuon_e20_t,signmuon,unit-gain,0.011333333333333334,6,0.502199113368988,1.8136159181594849,2.8112151622772217
tune_gain_signmuon_e20_t,signmuon,unit-gain,0.011333333333333334,7,0.5643500089645386,1.9659309387207031,3.0656683444976807
tune_gain_signmuon_e20_t,signmuon,unit-gain,0.011333333333333334,8,0.6159241795539856,2.1095895767211914,3.2879269123077393
tune_gain_signmuon_e20_t,signmuon,unit-gain,0.011333333333333334,9,0.673260509967804,2.244225263595581,3.4809629917144775
tune_gain_signmuon_e20_t,signmuon,unit-gain,0.011333333333333334,10,0.7208560705184937,2.373213529586792,3.677412748336792
tune_gain_signmuon_e20_t,signmuon,unit-gain,0.011333333333333334,11,0.7785934805870056,2.4938931465148926,3.8783059120178223
tune_gain_signmuon_e20_t,signmuon,unit-gain,0.011333333333333334,12,0.8281754851341248,2.6102964878082275,4.063912391662598
tune_gain_signmuon_e20_t,signmuon,unit-gain,0.011333333333333334,13,0.8775380849838257,2.7226614952087402,4.239828109741211
tune_gain_signmuon_e20_t,signmuon,unit-gain,0.011333333333333334,14,0.9337051510810852,2.8296866416931152,4.402933597564697
tune_gain_signmuon_e20_t,signmuon,unit-gain,0.011333333333333334,15,0.974219799041748,2.9366183280944824,4.574888706207275
tune_gain_signmuon_e20_t,signmuon,unit-gain,0.011333333333333334,16,1.0311799049377441,3.0371813774108887,4.722139835357666
tune_gain_signmuon_e20_t,signmuon,unit-gain,0.011333333333333334,17,1.0715157985687256,3.136461019515991,4.847202777862549
tune_gain_signmuon_e20_t,signmuon,unit-gain,0.011333333333333334,18,1.1219042539596558,3.2320029735565186,5.0178093910217285
tune_gain_signmuon_e20_t,signmuon,unit-gain,0.011333333333333334,19,1.1692383289337158,3.3249223232269287,5.174213409423828
tune_gain_signmuon_e20_t,signmuon,unit-gain,0.011333333333333334,20,1.2183760404586792,3.410348415374756,5.302474498748779
