run_name,seed,phase,optimizer,lr_scaling,split,epochs,lr,lr_aux,momentum,weight_decay,weight_decay_mode,head_adamw,batch_size,dataset,model,last_k,val_seed,n_epochs_recorded,test_acc_final,test_acc_tail,test_acc_best,val_acc_tail,val_acc_best,train_loss_final,train_acc_final,epochs_to_90,epochs_to_93,epochs_to_94,epoch_seconds_median,gain_slope,gain_r2,gain_points,metrics_path
cifar10_resnet18_ef21muonsign,0,other,ef21muonsign,,,75,0.007,0.001,0.9,0.0005,,auto,128,cifar10,resnet18,,,76,93.83,93.782,93.83,,,0.000906,99.976,22,58,,,,,,centralized/cifar10_resnet18_ef21muonsign/seed0/metrics.json
cifar10_resnet18_ef21signmuon,0,other,ef21signmuon,,,75,0.008,0.001,0.9,0.0005,,auto,128,cifar10,resnet18,,,76,94.01,93.868,94.01,,,0.001058,99.978,22,54,75,,,,,centralized/cifar10_resnet18_ef21signmuon/seed0/metrics.json
cifar10_resnet18_muonusign,0,other,muonusign,,,75,0.001,0.0001,0.9,0.0005,,auto,128,cifar10,resnet18,,,76,91.79,91.804,91.84,,,0.001189,99.976,29,,,,,,,centralized/cifar10_resnet18_muonusign/seed0/metrics.json
final_adam_mup_e75_fs0,0,final,adam,mup,full,75,0.00046415888336127773,0.001,0.9,0.0,decoupled,always,128,cifar10,resnet18,5,12345,76,93.4,93.376,93.45,,,0.001187,99.968,20,60,,12.667,,,,centralized/final_adam_mup_e75_fs0/seed0/metrics.json
final_adam_scaled_mup_e75_fs0,0,final,adam,mup,full,75,0.5347110336321922,0.001,0.9,0.0,decoupled,always,128,cifar10,resnet18,5,12345,76,93.17,93.112,93.17,,,0.000905,99.976,23,61,,12.681,,,,centralized/final_adam_scaled_mup_e75_fs0/seed0/metrics.json
final_ef21muonsign_mup_e75_fs0,0,final,ef21muonsign,mup,full,75,0.015081042830223186,0.001,0.9,0.0,decoupled,always,128,cifar10,resnet18,5,12345,76,94.24,94.256,94.34,,,0.000248,99.994,10,34,65,15.257,,,,centralized/final_ef21muonsign_mup_e75_fs0/seed0/metrics.json
final_ef21muonsign_unit-gain_e75_fs0,0,final,ef21muonsign,unit-gain,full,75,0.003249112183528945,0.001,0.9,0.0005,coupled,always,128,cifar10,resnet18,5,12345,76,93.71,93.764,93.83,,,0.001025,99.966,15,50,,15.351,,,,centralized/final_ef21muonsign_unit-gain_e75_fs0/seed0/metrics.json
final_ef21muonusign_mup_e75_fs0,0,final,ef21muonusign,mup,full,75,0.017235477520255074,0.001,0.9,0.0,decoupled,always,128,cifar10,resnet18,5,12345,76,94.04,94.048,94.12,,,0.000341,99.99,10,37,66,14.825,,,,centralized/final_ef21muonusign_mup_e75_fs0/seed0/metrics.json
final_ef21muonusign_unit-gain_e75_fs0,0,final,ef21muonusign,unit-gain,full,75,0.003713271066890223,0.001,0.9,0.0005,coupled,always,128,cifar10,resnet18,5,12345,76,93.71,93.72,93.83,,,0.001048,99.964,12,47,,14.922,,,,centralized/final_ef21muonusign_unit-gain_e75_fs0/seed0/metrics.json
final_ef21signmuon_mup_e75_fs0,0,final,ef21signmuon,mup,full,75,0.017235477520255074,0.001,0.9,0.0,decoupled,always,128,cifar10,resnet18,5,12345,76,94.54,94.544,94.61,,,0.000206,99.996,10,21,54,14.823,,,,centralized/final_ef21signmuon_mup_e75_fs0/seed0/metrics.json
final_ef21signmuon_unit-gain_e75_fs0,0,final,ef21signmuon,unit-gain,full,75,0.003713271066890223,0.001,0.9,0.0005,coupled,always,128,cifar10,resnet18,5,12345,76,93.49,93.504,93.66,,,0.001025,99.968,16,50,,14.882,,,,centralized/final_ef21signmuon_unit-gain_e75_fs0/seed0/metrics.json
final_muon_mup_e75_fs0,0,final,muon,mup,full,75,0.03231652035047826,0.001,0.9,0.0,decoupled,always,128,cifar10,resnet18,5,12345,76,94.45,94.46,94.51,,,0.000172,99.996,10,28,47,14.375,,,,centralized/final_muon_mup_e75_fs0/seed0/metrics.json
final_muon_unit-gain_e75_fs0,0,final,muon,unit-gain,full,75,0.006962383250419168,0.001,0.9,0.0005,coupled,always,128,cifar10,resnet18,5,12345,76,93.85,93.832,93.86,,,0.00119,99.968,16,55,,14.479,,,,centralized/final_muon_unit-gain_e75_fs0/seed0/metrics.json
final_muonsign_mup_e75_fs0,0,final,muonsign,mup,full,75,0.11520000000000002,0.001,0.9,0.0,decoupled,always,128,cifar10,resnet18,5,12345,76,93.33,93.344,93.39,,,0.000573,99.988,16,57,,14.503,,,,centralized/final_muonsign_mup_e75_fs0/seed0/metrics.json
final_muonsign_unit-gain_e75_fs0,0,final,muonsign,unit-gain,full,75,0.003400000000000002,0.001,0.9,0.0005,coupled,always,128,cifar10,resnet18,5,12345,76,93.93,93.902,93.95,,,0.000802,99.984,20,57,,14.547,,,,centralized/final_muonsign_unit-gain_e75_fs0/seed0/metrics.json
final_muonusign_mup_e75_fs0,0,final,muonusign,mup,full,75,0.15000000000000005,0.001,0.9,0.0,decoupled,always,128,cifar10,resnet18,5,12345,76,93.93,93.942,93.99,,,0.000288,99.992,10,40,,14.436,,,,centralized/final_muonusign_mup_e75_fs0/seed0/metrics.json
final_muonusign_unit-gain_e75_fs0,0,final,muonusign,unit-gain,full,75,0.006962383250419168,0.001,0.9,0.0005,coupled,always,128,cifar10,resnet18,5,12345,76,93.7,93.68,93.73,,,0.001379,99.966,15,52,,14.475,,,,centralized/final_muonusign_unit-gain_e75_fs0/seed0/metrics.json
final_sgd_mup_e75_fs0,0,final,sgd,mup,full,75,0.03231652035047826,0.001,0.9,0.0,decoupled,always,128,cifar10,resnet18,5,12345,76,93.11,93.11,93.24,,,0.001295,99.964,22,55,,12.18,,,,centralized/final_sgd_mup_e75_fs0/seed0/metrics.json
final_sgd_unit-gain_e75_fs0,0,final,sgd,unit-gain,full,75,0.03231652035047826,0.001,0.9,0.0005,coupled,always,128,cifar10,resnet18,5,12345,76,94.05,94.058,94.1,,,0.000979,99.98,21,55,71,12.301,,,,centralized/final_sgd_unit-gain_e75_fs0/seed0/metrics.json
final_signmuon_mup_e75_fs0,0,final,signmuon,mup,full,75,0.5347110336321922,0.001,0.9,0.0,decoupled,always,128,cifar10,resnet18,5,12345,76,94.34,94.27,94.34,,,0.000359,99.99,7,24,54,14.446,,,,centralized/final_signmuon_mup_e75_fs0/seed0/metrics.json
final_signmuon_unit-gain_e75_fs0,0,final,signmuon,unit-gain,full,75,0.003400000000000002,0.001,0.9,0.0005,coupled,always,128,cifar10,resnet18,5,12345,76,93.91,93.92,93.98,,,0.000828,99.978,10,49,,14.517,,,,centralized/final_signmuon_unit-gain_e75_fs0/seed0/metrics.json
final_signsgd_mup_e75_fs0,0,final,signsgd,mup,full,75,0.11520000000000002,0.001,0.9,0.0,decoupled,always,128,cifar10,resnet18,5,12345,76,92.97,92.928,93.0,,,0.001312,99.96,23,67,,12.08,,,,centralized/final_signsgd_mup_e75_fs0/seed0/metrics.json
final_signsgd_unit-gain_e75_fs0,0,final,signsgd,unit-gain,full,75,0.003400000000000002,0.001,0.9,0.0005,coupled,always,128,cifar10,resnet18,5,12345,76,93.84,93.796,93.84,,,0.001131,99.97,24,55,,12.153,,,,centralized/final_signsgd_unit-gain_e75_fs0/seed0/metrics.json
final_wd_ef21signmuon_mup_e75_fs0,0,wd,ef21signmuon,mup,full,75,0.017235477520255074,0.001,0.9,0.0005,decoupled,always,128,cifar10,resnet18,5,12345,76,94.64,94.616,94.65,,,0.000145,99.996,10,29,53,14.874,,,,centralized/final_wd_ef21signmuon_mup_e75_fs0/seed0/metrics.json
final_wd_muon_mup_e75_fs0,0,wd,muon,mup,full,75,0.03231652035047826,0.001,0.9,0.0005,decoupled,always,128,cifar10,resnet18,5,12345,76,94.41,94.398,94.45,,,0.000298,99.99,10,28,54,14.439,,,,centralized/final_wd_muon_mup_e75_fs0/seed0/metrics.json
final_wd_signmuon_mup_e75_fs0,0,wd,signmuon,mup,full,75,0.5347110336321922,0.001,0.9,0.0005,decoupled,always,128,cifar10,resnet18,5,12345,76,94.84,94.862,94.92,,,0.000336,99.99,10,42,55,14.493,,,,centralized/final_wd_signmuon_mup_e75_fs0/seed0/metrics.json
tune_alpha0.5_signmuon_lr0.003394_e15_t,0,alpha,signmuon,power:0.5,tune,15,0.0033941125496954275,0.001,0.9,0.0,decoupled,always,128,cifar10,resnet18,5,12345,16,91.95,91.722,91.95,91.868,92.14,0.028217,99.2111,9,,,13.023,,,,centralized/tune_alpha0.5_signmuon_lr0.003394_e15_t/seed0/metrics.json
tune_alpha0.5_signmuon_lr0.01073_e15_t,0,alpha,signmuon,power:0.5,tune,15,0.010733126291998988,0.001,0.9,0.0,decoupled,always,128,cifar10,resnet18,5,12345,16,93.31,93.202,93.38,93.0,93.24,0.018424,99.4778,7,12,,13.051,,,,centralized/tune_alpha0.5_signmuon_lr0.01073_e15_t/seed0/metrics.json
tune_alpha0.5_signmuon_lr0.03394_e15_t,0,alpha,signmuon,power:0.5,tune,15,0.03394112549695427,0.001,0.9,0.0,decoupled,always,128,cifar10,resnet18,5,12345,16,93.35,93.07,93.37,93.168,93.5,0.018532,99.4489,7,12,,13.041,,,,centralized/tune_alpha0.5_signmuon_lr0.03394_e15_t/seed0/metrics.json
tune_alpha0.5_signmuon_lr0.1073_e15_t,0,alpha,signmuon,power:0.5,tune,15,0.10733126291998989,0.001,0.9,0.0,decoupled,always,128,cifar10,resnet18,5,12345,16,93.2,92.978,93.2,93.092,93.5,0.017639,99.5467,7,12,,13.027,,,,centralized/tune_alpha0.5_signmuon_lr0.1073_e15_t/seed0/metrics.json
tune_alpha0.5_signmuon_lr0.3394_e15_t,0,alpha,signmuon,power:0.5,tune,15,0.3394112549695428,0.001,0.9,0.0,decoupled,always,128,cifar10,resnet18,5,12345,16,93.47,93.098,93.47,93.22,93.7,0.017991,99.5444,7,13,,13.031,,,,centralized/tune_alpha0.5_signmuon_lr0.3394_e15_t/seed0/metrics.json
tune_alpha0_signmuon_lr0.0001,0,alpha,signmuon,power:0,tune,6,0.0001,0.001,0.9,0.0005,,always,128,cifar10,resnet18,5,12345,7,89.35,84.81,89.35,84.228,88.86,0.207208,92.9578,,,,13.091,,,,centralized/tune_alpha0_signmuon_lr0.0001/seed0/metrics.json
tune_alpha0_signmuon_lr0.0001_e15_t,0,alpha,signmuon,power:0,tune,15,0.0001,0.001,0.9,0.0,decoupled,always,128,cifar10,resnet18,5,12345,16,92.05,91.588,92.05,91.912,92.42,0.031044,99.0889,8,,,13.026,,,,centralized/tune_alpha0_signmuon_lr0.0001_e15_t/seed0/metrics.json
tune_alpha0_signmuon_lr0.0003162,0,alpha,signmuon,power:0,tune,6,0.00031622776601683794,0.001,0.9,0.0005,,always,128,cifar10,resnet18,5,12345,7,90.07,85.152,90.07,84.548,90.06,0.193929,93.4333,6,,,13.101,,,,centralized/tune_alpha0_signmuon_lr0.0003162/seed0/metrics.json
tune_alpha0_signmuon_lr0.0003162_e15_t,0,alpha,signmuon,power:0,tune,15,0.00031622776601683794,0.001,0.9,0.0,decoupled,always,128,cifar10,resnet18,5,12345,16,92.95,92.758,93.05,92.8,93.06,0.020593,99.3822,7,13,,13.024,,,,centralized/tune_alpha0_signmuon_lr0.0003162_e15_t/seed0/metrics.json
tune_alpha0_signmuon_lr0.001,0,alpha,signmuon,power:0,tune,6,0.001,0.001,0.9,0.0005,,always,128,cifar10,resnet18,5,12345,7,88.55,80.392,88.55,80.208,88.5,0.290302,90.2333,,,,13.091,,,,centralized/tune_alpha0_signmuon_lr0.001/seed0/metrics.json
tune_alpha0_signmuon_lr0.001_e15_t,0,alpha,signmuon,power:0,tune,15,0.001,0.001,0.9,0.0,decoupled,always,128,cifar10,resnet18,5,12345,16,93.27,93.104,93.36,92.876,93.18,0.017847,99.5311,7,12,,13.027,,,,centralized/tune_alpha0_signmuon_lr0.001_e15_t/seed0/metrics.json
tune_alpha0_signmuon_lr0.003162_e15_t,0,alpha,signmuon,power:0,tune,15,0.0031622776601683794,0.001,0.9,0.0,decoupled,always,128,cifar10,resnet18,5,12345,16,93.26,92.994,93.26,93.136,93.46,0.017519,99.4956,7,12,,13.025,,,,centralized/tune_alpha0_signmuon_lr0.003162_e15_t/seed0/metrics.json
tune_alpha0_signmuon_lr0.01_e15_t,0,alpha,signmuon,power:0,tune,15,0.01,0.001,0.9,0.0,decoupled,always,128,cifar10,resnet18,5,12345,16,93.36,93.108,93.36,92.928,93.26,0.0185,99.5267,7,12,,13.039,,,,centralized/tune_alpha0_signmuon_lr0.01_e15_t/seed0/metrics.json
tune_alpha1_signmuon_lr0.1152_e15_t,0,alpha,signmuon,power:1,tune,15,0.11520000000000002,0.001,0.9,0.0,decoupled,always,128,cifar10,resnet18,5,12345,16,92.5,92.254,92.5,91.84,92.12,0.031588,99.0489,9,,,13.027,,,,centralized/tune_alpha1_signmuon_lr0.1152_e15_t/seed0/metrics.json
tune_alpha1_signmuon_lr0.3643_e15_t,0,alpha,signmuon,power:1,tune,15,0.36429438645139733,0.001,0.9,0.0,decoupled,always,128,cifar10,resnet18,5,12345,16,93.3,92.982,93.3,93.116,93.44,0.01913,99.4889,7,13,,13.029,,,,centralized/tune_alpha1_signmuon_lr0.3643_e15_t/seed0/metrics.json
tune_alpha1_signmuon_lr1.152_e15_t,0,alpha,signmuon,power:1,tune,15,1.1520000000000001,0.001,0.9,0.0,decoupled,always,128,cifar10,resnet18,5,12345,16,93.29,92.944,93.3,93.416,93.78,0.017639,99.5133,7,14,,13.032,,,,centralized/tune_alpha1_signmuon_lr1.152_e15_t/seed0/metrics.json
tune_alpha1_signmuon_lr11.52_e15_t,0,alpha,signmuon,power:1,tune,15,11.520000000000001,0.001,0.9,0.0,decoupled,always,128,cifar10,resnet18,5,12345,16,93.22,92.972,93.22,92.688,92.86,0.018423,99.5044,6,13,,13.029,,,,centralized/tune_alpha1_signmuon_lr11.52_e15_t/seed0/metrics.json
tune_alpha1_signmuon_lr3.643_e15_t,0,alpha,signmuon,power:1,tune,15,3.6429438645139736,0.001,0.9,0.0,decoupled,always,128,cifar10,resnet18,5,12345,16,93.02,92.84,93.16,93.116,93.48,0.017898,99.5222,7,14,,13.046,,,,centralized/tune_alpha1_signmuon_lr3.643_e15_t/seed0/metrics.json
tune_gain_muon,0,gain,muon,unit-gain,tune,20,0.015,0.001,0.9,0.0005,,always,128,cifar10,resnet18,5,12345,21,92.68,92.282,92.68,92.552,93.14,0.034489,98.8867,14,,,13.025,-0.0137,0.0253,20,centralized/tune_gain_muon/seed0/metrics.json
tune_gain_muon_e20_t,0,gain,muon,unit-gain,tune,20,0.005,0.001,0.9,0.0,decoupled,always,128,cifar10,resnet18,5,12345,21,91.49,91.04,91.55,91.032,91.78,0.069142,97.5911,11,,,12.969,0.5127,0.9995,20,centralized/tune_gain_muon_e20_t/seed0/metrics.json
tune_gain_signmuon,0,gain,signmuon,unit-gain,tune,20,0.034,0.001,0.9,0.0005,,always,128,cifar10,resnet18,5,12345,21,92.07,91.228,92.07,90.948,91.8,0.079619,97.3733,16,,,13.016,-0.0595,0.304,20,centralized/tune_gain_signmuon/seed0/metrics.json
tune_gain_signmuon_e20_t,0,gain,signmuon,unit-gain,tune,20,0.011333333333333334,0.001,0.9,0.0,decoupled,always,128,cifar10,resnet18,5,12345,21,91.68,91.408,91.76,91.072,91.52,0.063313,97.84,8,,,13.009,0.5156,0.9998,20,centralized/tune_gain_signmuon_e20_t/seed0/metrics.json
tune_lr_adam_mup_0.0001_e15_t,0,lr,adam,mup,tune,15,0.0001,0.001,0.9,0.0,decoupled,always,128,cifar10,resnet18,5,12345,16,87.38,86.762,87.38,86.904,87.74,0.208868,92.7711,,,,11.436,,,,centralized/tune_lr_adam_mup_0.0001_e15_t/seed0/metrics.json
tune_lr_adam_mup_0.0004642_e15_t,0,lr,adam,mup,tune,15,0.00046415888336127773,0.001,0.9,0.0,decoupled,always,128,cifar10,resnet18,5,12345,16,90.35,89.986,90.35,89.896,90.5,0.132484,95.5511,13,,,11.43,,,,centralized/tune_lr_adam_mup_0.0004642_e15_t/seed0/metrics.json
tune_lr_adam_mup_0.002154_e15_t,0,lr,adam,mup,tune,15,0.002154434690031882,0.001,0.9,0.0,decoupled,always,128,cifar10,resnet18,5,12345,16,89.93,88.704,89.93,88.248,89.4,0.178452,93.8756,,,,11.423,,,,centralized/tune_lr_adam_mup_0.002154_e15_t/seed0/metrics.json
tune_lr_adam_mup_0.01_e15_t,0,lr,adam,mup,tune,15,0.01,0.001,0.9,0.0,decoupled,always,128,cifar10,resnet18,5,12345,16,89.29,88.058,89.29,88.168,89.16,0.191782,93.5089,,,,11.421,,,,centralized/tune_lr_adam_mup_0.01_e15_t/seed0/metrics.json
tune_lr_adam_scaled_mup_0.1152_e15_t,0,lr,adam,mup,tune,15,0.11520000000000002,0.001,0.9,0.0,decoupled,always,128,cifar10,resnet18,5,12345,16,88.19,87.736,88.19,87.38,87.94,0.206265,93.0156,,,,11.43,,,,centralized/tune_lr_adam_scaled_mup_0.1152_e15_t/seed0/metrics.json
tune_lr_adam_scaled_mup_0.5347_e15_t,0,lr,adam,mup,tune,15,0.5347110336321922,0.001,0.9,0.0,decoupled,always,128,cifar10,resnet18,5,12345,16,89.9,89.222,89.9,89.4,90.08,0.138028,95.2933,,,,11.422,,,,centralized/tune_lr_adam_scaled_mup_0.5347_e15_t/seed0/metrics.json
tune_lr_adam_scaled_mup_11.52_e15_t,0,lr,adam,mup,tune,15,11.520000000000001,0.001,0.9,0.0,decoupled,always,128,cifar10,resnet18,5,12345,16,87.96,86.896,87.96,86.7,87.92,0.231157,92.12,,,,11.428,,,,centralized/tune_lr_adam_scaled_mup_11.52_e15_t/seed0/metrics.json
tune_lr_adam_scaled_mup_2.482_e15_t,0,lr,adam,mup,tune,15,2.48190876291673,0.001,0.9,0.0,decoupled,always,128,cifar10,resnet18,5,12345,16,88.6,87.768,88.6,87.704,88.82,0.212971,92.6111,,,,11.435,,,,centralized/tune_lr_adam_scaled_mup_2.482_e15_t/seed0/metrics.json
tune_lr_adam_scaled_unit-gain_0.0034_e15_t,0,lr,adam,unit-gain,tune,15,0.003400000000000002,0.001,0.9,0.0005,coupled,always,128,cifar10,resnet18,5,12345,16,88.26,87.676,88.26,87.164,87.72,0.195946,93.2889,,,,11.546,,,,centralized/tune_lr_adam_scaled_unit-gain_0.0034_e15_t/seed0/metrics.json
tune_lr_adam_scaled_unit-gain_0.01578_e15_t,0,lr,adam,unit-gain,tune,15,0.01578140203428345,0.001,0.9,0.0005,coupled,always,128,cifar10,resnet18,5,12345,16,90.87,89.9,90.87,89.98,90.88,0.125175,95.7333,13,,,11.56,,,,centralized/tune_lr_adam_scaled_unit-gain_0.01578_e15_t/seed0/metrics.json
tune_lr_adam_scaled_unit-gain_0.07325_e15_t,0,lr,adam,unit-gain,tune,15,0.07325077946108408,0.001,0.9,0.0005,coupled,always,128,cifar10,resnet18,5,12345,16,89.62,86.388,89.62,85.968,89.4,0.221637,92.5333,,,,11.532,,,,centralized/tune_lr_adam_scaled_unit-gain_0.07325_e15_t/seed0/metrics.json
tune_lr_adam_scaled_unit-gain_0.34_e15_t,0,lr,adam,unit-gain,tune,15,0.3400000000000002,0.001,0.9,0.0005,coupled,always,128,cifar10,resnet18,5,12345,16,82.73,70.386,82.73,69.724,81.84,0.504573,82.6022,,,,11.526,,,,centralized/tune_lr_adam_scaled_unit-gain_0.34_e15_t/seed0/metrics.json
tune_lr_adam_unit-gain_0.0001_e15_t,0,lr,adam,unit-gain,tune,15,0.0001,0.001,0.9,0.0005,coupled,always,128,cifar10,resnet18,5,12345,16,87.58,87.068,87.58,86.528,87.18,0.205148,92.9222,,,,11.549,,,,centralized/tune_lr_adam_unit-gain_0.0001_e15_t/seed0/metrics.json
tune_lr_adam_unit-gain_0.0004642_e15_t,0,lr,adam,unit-gain,tune,15,0.00046415888336127773,0.001,0.9,0.0005,coupled,always,128,cifar10,resnet18,5,12345,16,91.03,90.104,91.03,89.592,90.6,0.121245,95.8822,13,,,11.534,,,,centralized/tune_lr_adam_unit-gain_0.0004642_e15_t/seed0/metrics.json
tune_lr_adam_unit-gain_0.002154_e15_t,0,lr,adam,unit-gain,tune,15,0.002154434690031882,0.001,0.9,0.0005,coupled,always,128,cifar10,resnet18,5,12345,16,89.57,87.206,89.57,86.624,89.46,0.218038,92.5311,,,,11.522,,,,centralized/tune_lr_adam_unit-gain_0.002154_e15_t/seed0/metrics.json
tune_lr_adam_unit-gain_0.01_e15_t,0,lr,adam,unit-gain,tune,15,0.01,0.001,0.9,0.0005,coupled,always,128,cifar10,resnet18,5,12345,16,79.02,69.162,79.02,68.86,78.4,0.58893,79.6822,,,,11.507,,,,centralized/tune_lr_adam_unit-gain_0.01_e15_t/seed0/metrics.json
tune_lr_ef21muonsign_mup_0.0007_e15_t,0,lr,ef21muonsign,mup,tune,15,0.0007000000000000001,0.001,0.9,0.0,decoupled,always,128,cifar10,resnet18,5,12345,16,86.12,85.956,86.17,85.428,85.7,0.236416,92.0067,,,,13.765,,,,centralized/tune_lr_ef21muonsign_mup_0.0007_e15_t/seed0/metrics.json
tune_lr_ef21muonsign_mup_0.003249_e15_t,0,lr,ef21muonsign,mup,tune,15,0.003249112183528945,0.001,0.9,0.0,decoupled,always,128,cifar10,resnet18,5,12345,16,92.38,91.978,92.38,91.772,92.22,0.03447,98.9178,9,,,13.774,,,,centralized/tune_lr_ef21muonsign_mup_0.003249_e15_t/seed0/metrics.json
tune_lr_ef21muonsign_mup_0.01508_e15_t,0,lr,ef21muonsign,mup,tune,15,0.015081042830223186,0.001,0.9,0.0,decoupled,always,128,cifar10,resnet18,5,12345,16,92.6,92.478,92.73,92.792,92.98,0.02559,99.2956,8,,,13.761,,,,centralized/tune_lr_ef21muonsign_mup_0.01508_e15_t/seed0/metrics.json
tune_lr_ef21muonsign_mup_0.07_e15_t,0,lr,ef21muonsign,mup,tune,15,0.07000000000000002,0.001,0.9,0.0,decoupled,always,128,cifar10,resnet18,5,12345,16,92.89,92.582,92.89,92.592,92.88,0.026227,99.2956,8,,,13.761,,,,centralized/tune_lr_ef21muonsign_mup_0.07_e15_t/seed0/metrics.json
tune_lr_ef21muonsign_unit-gain_0.0007_e15_t,0,lr,ef21muonsign,unit-gain,tune,15,0.0007000000000000001,0.001,0.9,0.0005,coupled,always,128,cifar10,resnet18,5,12345,16,86.42,86.186,86.53,85.824,86.22,0.218068,92.5667,,,,13.843,,,,centralized/tune_lr_ef21muonsign_unit-gain_0.0007_e15_t/seed0/metrics.json
tune_lr_ef21muonsign_unit-gain_0.003249_e15_t,0,lr,ef21muonsign,unit-gain,tune,15,0.003249112183528945,0.001,0.9,0.0005,coupled,always,128,cifar10,resnet18,5,12345,16,92.5,91.94,92.5,91.792,92.3,0.032768,99.0333,9,,,13.842,,,,centralized/tune_lr_ef21muonsign_unit-gain_0.003249_e15_t/seed0/metrics.json
tune_lr_ef21muonsign_unit-gain_0.01508_e15_t,0,lr,ef21muonsign,unit-gain,tune,15,0.015081042830223186,0.001,0.9,0.0005,coupled,always,128,cifar10,resnet18,5,12345,16,91.89,90.842,91.89,91.212,92.36,0.080567,97.3667,12,,,13.818,,,,centralized/tune_lr_ef21muonsign_unit-gain_0.01508_e15_t/seed0/metrics.json
tune_lr_ef21muonsign_unit-gain_0.07_e15_t,0,lr,ef21muonsign,unit-gain,tune,15,0.07000000000000002,0.001,0.9,0.0005,coupled,always,128,cifar10,resnet18,5,12345,16,88.45,83.516,88.45,82.896,87.9,0.280798,90.4178,,,,13.804,,,,centralized/tune_lr_ef21muonsign_unit-gain_0.07_e15_t/seed0/metrics.json
tune_lr_ef21muonusign_mup_0.0008_e15_t,0,lr,ef21muonusign,mup,tune,15,0.0008000000000000004,0.001,0.9,0.0,decoupled,always,128,cifar10,resnet18,5,12345,16,86.97,86.786,86.99,87.076,87.46,0.187206,93.5978,,,,13.371,,,,centralized/tune_lr_ef21muonusign_mup_0.0008_e15_t/seed0/metrics.json
tune_lr_ef21muonusign_mup_0.003713_e15_t,0,lr,ef21muonusign,mup,tune,15,0.003713271066890223,0.001,0.9,0.0,decoupled,always,128,cifar10,resnet18,5,12345,16,92.54,92.252,92.54,92.328,92.74,0.032758,99.02,8,,,13.367,,,,centralized/tune_lr_ef21muonusign_mup_0.003713_e15_t/seed0/metrics.json
tune_lr_ef21muonusign_mup_0.01724_e15_t,0,lr,ef21muonusign,mup,tune,15,0.017235477520255074,0.001,0.9,0.0,decoupled,always,128,cifar10,resnet18,5,12345,16,92.84,92.626,92.84,92.604,92.98,0.025304,99.2956,8,,,13.368,,,,centralized/tune_lr_ef21muonusign_mup_0.01724_e15_t/seed0/metrics.json
tune_lr_ef21muonusign_mup_0.08_e15_t,0,lr,ef21muonusign,mup,tune,15,0.08000000000000003,0.001,0.9,0.0,decoupled,always,128,cifar10,resnet18,5,12345,16,92.61,92.416,92.61,92.592,92.78,0.026289,99.2511,8,,,13.375,,,,centralized/tune_lr_ef21muonusign_mup_0.08_e15_t/seed0/metrics.json
tune_lr_ef21muonusign_unit-gain_0.0008_e15_t,0,lr,ef21muonusign,unit-gain,tune,15,0.0008000000000000004,0.001,0.9,0.0005,coupled,always,128,cifar10,resnet18,5,12345,16,86.94,86.874,87.22,86.72,87.08,0.177551,94.0978,,,,13.443,,,,centralized/tune_lr_ef21muonusign_unit-gain_0.0008_e15_t/seed0/metrics.json
tune_lr_ef21muonusign_unit-gain_0.003713_e15_t,0,lr,ef21muonusign,unit-gain,tune,15,0.003713271066890223,0.001,0.9,0.0005,coupled,always,128,cifar10,resnet18,5,12345,16,92.56,92.096,92.56,92.084,92.58,0.033127,98.9956,9,,,13.44,,,,centralized/tune_lr_ef21muonusign_unit-gain_0.003713_e15_t/seed0/metrics.json
tune_lr_ef21muonusign_unit-gain_0.01724_e15_t,0,lr,ef21muonusign,unit-gain,tune,15,0.017235477520255074,0.001,0.9,0.0005,coupled,always,128,cifar10,resnet18,5,12345,16,91.78,90.766,91.78,91.22,92.18,0.088661,97.1356,12,,,13.432,,,,centralized/tune_lr_ef21muonusign_unit-gain_0.01724_e15_t/seed0/metrics.json
tune_lr_ef21muonusign_unit-gain_0.08_e15_t,0,lr,ef21muonusign,unit-gain,tune,15,0.08000000000000003,0.001,0.9,0.0005,coupled,always,128,cifar10,resnet18,5,12345,16,88.0,81.86,88.0,81.34,87.54,0.29916,89.9378,,,,13.408,,,,centralized/tune_lr_ef21muonusign_unit-gain_0.08_e15_t/seed0/metrics.json
tune_lr_ef21signmuon_mup_0.0008_e15_t,0,lr,ef21signmuon,mup,tune,15,0.0008000000000000004,0.001,0.9,0.0,decoupled,always,128,cifar10,resnet18,5,12345,16,87.55,87.278,87.55,87.46,87.68,0.167531,94.3489,,,,13.381,,,,centralized/tune_lr_ef21signmuon_mup_0.0008_e15_t/seed0/metrics.json
tune_lr_ef21signmuon_mup_0.003713_e15_t,0,lr,ef21signmuon,mup,tune,15,0.003713271066890223,0.001,0.9,0.0,decoupled,always,128,cifar10,resnet18,5,12345,16,92.51,92.166,92.51,92.44,92.82,0.025417,99.2467,8,,,13.361,,,,centralized/tune_lr_ef21signmuon_mup_0.003713_e15_t/seed0/metrics.json
tune_lr_ef21signmuon_mup_0.01724_e15_t,0,lr,ef21signmuon,mup,tune,15,0.017235477520255074,0.001,0.9,0.0,decoupled,always,128,cifar10,resnet18,5,12345,16,93.42,93.066,93.42,93.172,93.38,0.019132,99.5133,7,12,,13.364,,,,centralized/tune_lr_ef21signmuon_mup_0.01724_e15_t/seed0/metrics.json
tune_lr_ef21signmuon_mup_0.08_e15_t,0,lr,ef21signmuon,mup,tune,15,0.08000000000000003,0.001,0.9,0.0,decoupled,always,128,cifar10,resnet18,5,12345,16,93.17,92.908,93.17,92.776,93.14,0.018137,99.5178,8,14,,13.361,,,,centralized/tune_lr_ef21signmuon_mup_0.08_e15_t/seed0/metrics.json
tune_lr_ef21signmuon_unit-gain_0.0008_e15_t,0,lr,ef21signmuon,unit-gain,tune,15,0.0008000000000000004,0.001,0.9,0.0005,coupled,always,128,cifar10,resnet18,5,12345,16,87.8,87.704,87.89,87.58,87.96,0.154512,94.7844,,,,13.436,,,,centralized/tune_lr_ef21signmuon_unit-gain_0.0008_e15_t/seed0/metrics.json
tune_lr_ef21signmuon_unit-gain_0.003713_e15_t,0,lr,ef21signmuon,unit-gain,tune,15,0.003713271066890223,0.001,0.9,0.0005,coupled,always,128,cifar10,resnet18,5,12345,16,92.36,92.224,92.46,92.56,93.02,0.026792,99.2444,9,,,13.455,,,,centralized/tune_lr_ef21signmuon_unit-gain_0.003713_e15_t/seed0/metrics.json
tune_lr_ef21signmuon_unit-gain_0.01724_e15_t,0,lr,ef21signmuon,unit-gain,tune,15,0.017235477520255074,0.001,0.9,0.0005,coupled,always,128,cifar10,resnet18,5,12345,16,92.28,91.146,92.28,91.068,92.26,0.082017,97.3422,12,,,13.45,,,,centralized/tune_lr_ef21signmuon_unit-gain_0.01724_e15_t/seed0/metrics.json
tune_lr_ef21signmuon_unit-gain_0.08_e15_t,0,lr,ef21signmuon,unit-gain,tune,15,0.08000000000000003,0.001,0.9,0.0005,coupled,always,128,cifar10,resnet18,5,12345,16,88.68,83.146,88.68,82.828,88.34,0.268925,90.8311,,,,13.414,,,,centralized/tune_lr_ef21signmuon_unit-gain_0.08_e15_t/seed0/metrics.json
tune_lr_muon_mup_0.0015_e15_t,0,lr,muon,mup,tune,15,0.0015000000000000005,0.001,0.9,0.0,decoupled,always,128,cifar10,resnet18,5,12345,16,90.46,90.308,90.58,90.54,91.08,0.060818,98.0289,12,,,12.944,,,,centralized/tune_lr_muon_mup_0.0015_e15_t/seed0/metrics.json
tune_lr_muon_mup_0.006962_e15_t,0,lr,muon,mup,tune,15,0.006962383250419168,0.001,0.9,0.0,decoupled,always,128,cifar10,resnet18,5,12345,16,93.28,92.946,93.28,93.152,93.52,0.01952,99.4511,7,13,,12.972,,,,centralized/tune_lr_muon_mup_0.006962_e15_t/seed0/metrics.json
tune_lr_muon_mup_0.03232_e15_t,0,lr,muon,mup,tune,15,0.03231652035047826,0.001,0.9,0.0,decoupled,always,128,cifar10,resnet18,5,12345,16,93.26,93.106,93.31,93.504,93.86,0.016937,99.5378,7,12,,12.953,,,,centralized/tune_lr_muon_mup_0.03232_e15_t/seed0/metrics.json
tune_lr_muon_mup_0.15_e15_t,0,lr,muon,mup,tune,15,0.15000000000000005,0.001,0.9,0.0,decoupled,always,128,cifar10,resnet18,5,12345,16,93.49,93.286,93.56,93.128,93.4,0.017434,99.52,6,12,,12.956,,,,centralized/tune_lr_muon_mup_0.15_e15_t/seed0/metrics.json
tune_lr_muon_unit-gain_0.0015_e15_t,0,lr,muon,unit-gain,tune,15,0.0015000000000000005,0.001,0.9,0.0005,coupled,always,128,cifar10,resnet18,5,12345,16,91.18,90.688,91.18,90.332,90.84,0.050364,98.4756,12,,,13.045,,,,centralized/tune_lr_muon_unit-gain_0.0015_e15_t/seed0/metrics.json
tune_lr_muon_unit-gain_0.006962_e15_t,0,lr,muon,unit-gain,tune,15,0.006962383250419168,0.001,0.9,0.0005,coupled,always,128,cifar10,resnet18,5,12345,16,93.02,92.518,93.02,92.412,92.94,0.034005,98.9889,9,15,,13.04,,,,centralized/tune_lr_muon_unit-gain_0.006962_e15_t/seed0/metrics.json
tune_lr_muon_unit-gain_0.03232_e15_t,0,lr,muon,unit-gain,tune,15,0.03231652035047826,0.001,0.9,0.0005,coupled,always,128,cifar10,resnet18,5,12345,16,91.92,89.684,91.92,89.592,91.82,0.124714,95.8556,14,,,13.042,,,,centralized/tune_lr_muon_unit-gain_0.03232_e15_t/seed0/metrics.json
tune_lr_muon_unit-gain_0.15_e15_t,0,lr,muon,unit-gain,tune,15,0.15000000000000005,0.001,0.9,0.0005,coupled,always,128,cifar10,resnet18,5,12345,16,86.56,77.69,86.56,77.208,85.66,0.362298,87.7667,,,,13.021,,,,centralized/tune_lr_muon_unit-gain_0.15_e15_t/seed0/metrics.json
tune_lr_muonsign_mup_0.005347_e15_t,0,lr,muonsign,mup,tune,15,0.005347110336321924,0.001,0.9,0.0,decoupled,always,128,cifar10,resnet18,5,12345,16,71.2,70.932,71.2,70.5,70.9,0.804121,71.3444,,,,13.065,,,,centralized/tune_lr_muonsign_mup_0.005347_e15_t/seed0/metrics.json
tune_lr_muonsign_mup_0.02482_e15_t,0,lr,muonsign,mup,tune,15,0.02481908762916731,0.001,0.9,0.0,decoupled,always,128,cifar10,resnet18,5,12345,16,86.01,85.666,86.01,85.0,85.48,0.298318,89.7756,,,,13.065,,,,centralized/tune_lr_muonsign_mup_0.02482_e15_t/seed0/metrics.json
tune_lr_muonsign_mup_0.1152_e15_t,0,lr,muonsign,mup,tune,15,0.11520000000000002,0.001,0.9,0.0,decoupled,always,128,cifar10,resnet18,5,12345,16,90.73,90.396,90.75,90.952,91.44,0.09663,96.9022,12,,,13.1,,,,centralized/tune_lr_muonsign_mup_0.1152_e15_t/seed0/metrics.json
tune_lr_muonsign_mup_0.5347_e15_t,0,lr,muonsign,mup,tune,15,0.5347110336321922,0.001,0.9,0.0,decoupled,always,128,cifar10,resnet18,5,12345,16,90.77,90.33,90.77,90.244,90.68,0.092479,96.9978,12,,,13.079,,,,centralized/tune_lr_muonsign_mup_0.5347_e15_t/seed0/metrics.json
tune_lr_muonsign_mup_11.52_e15_t,0,lr,muonsign,mup,tune,15,11.520000000000001,0.001,0.9,0.0,decoupled,always,128,cifar10,resnet18,5,12345,16,90.21,89.39,90.21,89.16,89.84,0.123955,95.88,15,,,13.073,,,,centralized/tune_lr_muonsign_mup_11.52_e15_t/seed0/metrics.json
tune_lr_muonsign_mup_2.482_e15_t,0,lr,muonsign,mup,tune,15,2.48190876291673,0.001,0.9,0.0,decoupled,always,128,cifar10,resnet18,5,12345,16,90.74,90.208,90.74,90.216,90.86,0.102846,96.6533,12,,,13.074,,,,centralized/tune_lr_muonsign_mup_2.482_e15_t/seed0/metrics.json
tune_lr_muonsign_unit-gain_0.0034_e15_t,0,lr,muonsign,unit-gain,tune,15,0.003400000000000002,0.001,0.9,0.0005,coupled,always,128,cifar10,resnet18,5,12345,16,91.49,90.954,91.49,91.048,91.48,0.082031,97.2711,12,,,13.135,,,,centralized/tune_lr_muonsign_unit-gain_0.0034_e15_t/seed0/metrics.json
tune_lr_muonsign_unit-gain_0.01578_e15_t,0,lr,muonsign,unit-gain,tune,15,0.01578140203428345,0.001,0.9,0.0005,coupled,always,128,cifar10,resnet18,5,12345,16,91.07,89.882,91.07,90.0,91.26,0.127596,95.7067,13,,,13.148,,,,centralized/tune_lr_muonsign_unit-gain_0.01578_e15_t/seed0/metrics.json
tune_lr_muonsign_unit-gain_0.07325_e15_t,0,lr,muonsign,unit-gain,tune,15,0.07325077946108408,0.001,0.9,0.0005,coupled,always,128,cifar10,resnet18,5,12345,16,84.87,82.392,84.87,82.064,84.82,0.389888,86.5533,,,,13.022,,,,centralized/tune_lr_muonsign_unit-gain_0.07325_e15_t/seed0/metrics.json
tune_lr_muonsign_unit-gain_0.34_e15_t,0,lr,muonsign,unit-gain,tune,15,0.3400000000000002,0.001,0.9,0.0005,coupled,always,128,cifar10,resnet18,5,12345,16,77.35,55.338,77.35,54.552,75.36,0.726211,74.9444,,,,13.1,,,,centralized/tune_lr_muonsign_unit-gain_0.34_e15_t/seed0/metrics.json
tune_lr_muonusign_mup_0.0015_e15_t,0,lr,muonusign,mup,tune,15,0.0015000000000000005,0.001,0.9,0.0,decoupled,always,128,cifar10,resnet18,5,12345,16,88.95,88.696,88.95,88.28,88.58,0.128653,95.7089,,,,13.012,,,,centralized/tune_lr_muonusign_mup_0.0015_e15_t/seed0/metrics.json
tune_lr_muonusign_mup_0.006962_e15_t,0,lr,muonusign,mup,tune,15,0.006962383250419168,0.001,0.9,0.0,decoupled,always,128,cifar10,resnet18,5,12345,16,92.48,92.242,92.48,92.36,92.86,0.033097,99.0644,8,,,13.008,,,,centralized/tune_lr_muonusign_mup_0.006962_e15_t/seed0/metrics.json
tune_lr_muonusign_mup_0.03232_e15_t,0,lr,muonusign,mup,tune,15,0.03231652035047826,0.001,0.9,0.0,decoupled,always,128,cifar10,resnet18,5,12345,16,91.96,91.84,92.11,92.328,92.7,0.035539,98.9711,8,,,13.011,,,,centralized/tune_lr_muonusign_mup_0.03232_e15_t/seed0/metrics.json
tune_lr_muonusign_mup_0.15_e15_t,0,lr,muonusign,mup,tune,15,0.15000000000000005,0.001,0.9,0.0,decoupled,always,128,cifar10,resnet18,5,12345,16,92.47,92.126,92.47,92.696,93.1,0.03702,98.8956,8,,,13.045,,,,centralized/tune_lr_muonusign_mup_0.15_e15_t/seed0/metrics.json
tune_lr_muonusign_mup_0.6962_e15_t,0,lr,muonusign,mup,tune,15,0.6962383250419169,0.001,0.9,0.0,decoupled,always,128,cifar10,resnet18,5,12345,16,92.43,92.044,92.43,92.024,92.48,0.034241,99.0,9,,,13.025,,,,centralized/tune_lr_muonusign_mup_0.6962_e15_t/seed0/metrics.json
tune_lr_muonusign_mup_3.232_e15_t,0,lr,muonusign,mup,tune,15,3.2316520350478246,0.001,0.9,0.0,decoupled,always,128,cifar10,resnet18,5,12345,16,92.43,92.044,92.43,92.372,92.6,0.035432,98.9622,9,,,13.016,,,,centralized/tune_lr_muonusign_mup_3.232_e15_t/seed0/metrics.json
tune_lr_muonusign_unit-gain_0.0015_e15_t,0,lr,muonusign,unit-gain,tune,15,0.0015000000000000005,0.001,0.9,0.0005,coupled,always,128,cifar10,resnet18,5,12345,16,88.93,88.788,88.93,88.588,89.1,0.117041,96.1667,,,,13.092,,,,centralized/tune_lr_muonusign_unit-gain_0.0015_e15_t/seed0/metrics.json
tune_lr_muonusign_unit-gain_0.006962_e15_t,0,lr,muonusign,unit-gain,tune,15,0.006962383250419168,0.001,0.9,0.0005,coupled,always,128,cifar10,resnet18,5,12345,16,92.39,92.006,92.39,92.128,92.6,0.043096,98.68,9,,,13.089,,,,centralized/tune_lr_muonusign_unit-gain_0.006962_e15_t/seed0/metrics.json
tune_lr_muonusign_unit-gain_0.03232_e15_t,0,lr,muonusign,unit-gain,tune,15,0.03231652035047826,0.001,0.9,0.0005,coupled,always,128,cifar10,resnet18,5,12345,16,90.94,89.698,90.94,89.688,91.0,0.13512,95.4444,14,,,13.062,,,,centralized/tune_lr_muonusign_unit-gain_0.03232_e15_t/seed0/metrics.json
tune_lr_muonusign_unit-gain_0.15_e15_t,0,lr,muonusign,unit-gain,tune,15,0.15000000000000005,0.001,0.9,0.0005,coupled,always,128,cifar10,resnet18,5,12345,16,84.27,81.736,84.27,81.376,83.92,0.422038,85.2733,,,,12.995,,,,centralized/tune_lr_muonusign_unit-gain_0.15_e15_t/seed0/metrics.json
tune_lr_sgd_mup_0.0015_e15_t,0,lr,sgd,mup,tune,15,0.0015000000000000005,0.001,0.9,0.0,decoupled,always,128,cifar10,resnet18,5,12345,16,85.62,85.128,85.62,84.468,85.1,0.314446,89.14,,,,10.983,,,,centralized/tune_lr_sgd_mup_0.0015_e15_t/seed0/metrics.json
tune_lr_sgd_mup_0.006962_e15_t,0,lr,sgd,mup,tune,15,0.006962383250419168,0.001,0.9,0.0,decoupled,always,128,cifar10,resnet18,5,12345,16,89.42,88.884,89.42,88.348,89.04,0.167694,94.3178,,,,10.986,,,,centralized/tune_lr_sgd_mup_0.006962_e15_t/seed0/metrics.json
tune_lr_sgd_mup_0.03232_e15_t,0,lr,sgd,mup,tune,15,0.03231652035047826,0.001,0.9,0.0,decoupled,always,128,cifar10,resnet18,5,12345,16,89.82,89.06,89.82,88.928,89.76,0.153102,94.8044,,,,10.998,,,,centralized/tune_lr_sgd_mup_0.03232_e15_t/seed0/metrics.json
tune_lr_sgd_mup_0.15_e15_t,0,lr,sgd,mup,tune,15,0.15000000000000005,0.001,0.9,0.0,decoupled,always,128,cifar10,resnet18,5,12345,16,88.31,87.426,88.31,87.336,88.16,0.216824,92.46,,,,10.987,,,,centralized/tune_lr_sgd_mup_0.15_e15_t/seed0/metrics.json
tune_lr_sgd_unit-gain_0.0015_e15_t,0,lr,sgd,unit-gain,tune,15,0.0015000000000000005,0.001,0.9,0.0005,coupled,always,128,cifar10,resnet18,5,12345,16,85.97,85.4,85.97,84.908,85.68,0.316032,89.1556,,,,11.083,,,,centralized/tune_lr_sgd_unit-gain_0.0015_e15_t/seed0/metrics.json
tune_lr_sgd_unit-gain_0.006962_e15_t,0,lr,sgd,unit-gain,tune,15,0.006962383250419168,0.001,0.9,0.0005,coupled,always,128,cifar10,resnet18,5,12345,16,89.4,88.824,89.4,88.34,89.3,0.159678,94.6978,,,,11.103,,,,centralized/tune_lr_sgd_unit-gain_0.006962_e15_t/seed0/metrics.json
tune_lr_sgd_unit-gain_0.03232_e15_t,0,lr,sgd,unit-gain,tune,15,0.03231652035047826,0.001,0.9,0.0005,coupled,always,128,cifar10,resnet18,5,12345,16,90.27,89.522,90.27,89.672,90.7,0.135218,95.4111,14,,,11.088,,,,centralized/tune_lr_sgd_unit-gain_0.03232_e15_t/seed0/metrics.json
tune_lr_sgd_unit-gain_0.15_e15_t,0,lr,sgd,unit-gain,tune,15,0.15000000000000005,0.001,0.9,0.0005,coupled,always,128,cifar10,resnet18,5,12345,16,90.51,88.184,90.51,88.092,90.56,0.16379,94.5133,15,,,11.082,,,,centralized/tune_lr_sgd_unit-gain_0.15_e15_t/seed0/metrics.json
tune_lr_signmuon_mup_0.1152_e15_t,0,lr,signmuon,mup,tune,15,0.11520000000000002,0.001,0.9,0.0,decoupled,always,128,cifar10,resnet18,5,12345,16,92.33,92.04,92.33,92.2,92.72,0.030321,99.0911,9,,,13.051,,,,centralized/tune_lr_signmuon_mup_0.1152_e15_t/seed0/metrics.json
tune_lr_signmuon_mup_0.5347_e15_t,0,lr,signmuon,mup,tune,15,0.5347110336321922,0.001,0.9,0.0,decoupled,always,128,cifar10,resnet18,5,12345,16,93.29,93.112,93.29,93.448,93.84,0.017911,99.5133,7,12,,13.028,,,,centralized/tune_lr_signmuon_mup_0.5347_e15_t/seed0/metrics.json
tune_lr_signmuon_mup_11.52_e15_t,0,lr,signmuon,mup,tune,15,11.520000000000001,0.001,0.9,0.0,decoupled,always,128,cifar10,resnet18,5,12345,16,93.5,93.192,93.5,93.228,93.52,0.018167,99.5289,7,12,,13.037,,,,centralized/tune_lr_signmuon_mup_11.52_e15_t/seed0/metrics.json
tune_lr_signmuon_mup_2.482_e15_t,0,lr,signmuon,mup,tune,15,2.48190876291673,0.001,0.9,0.0,decoupled,always,128,cifar10,resnet18,5,12345,16,93.55,93.148,93.55,93.036,93.36,0.017838,99.5333,7,13,,13.027,,,,centralized/tune_lr_signmuon_mup_2.482_e15_t/seed0/metrics.json
tune_lr_signmuon_unit-gain_0.0034_e15_t,0,lr,signmuon,unit-gain,tune,15,0.003400000000000002,0.001,0.9,0.0005,coupled,always,128,cifar10,resnet18,5,12345,16,92.43,91.98,92.43,92.14,92.58,0.02795,99.1644,8,,,13.088,,,,centralized/tune_lr_signmuon_unit-gain_0.0034_e15_t/seed0/metrics.json
tune_lr_signmuon_unit-gain_0.01578_e15_t,0,lr,signmuon,unit-gain,tune,15,0.01578140203428345,0.001,0.9,0.0005,coupled,always,128,cifar10,resnet18,5,12345,16,92.44,91.612,92.44,91.804,92.64,0.059925,98.0733,11,,,13.088,,,,centralized/tune_lr_signmuon_unit-gain_0.01578_e15_t/seed0/metrics.json
tune_lr_signmuon_unit-gain_0.07325_e15_t,0,lr,signmuon,unit-gain,tune,15,0.07325077946108408,0.001,0.9,0.0005,coupled,always,128,cifar10,resnet18,5,12345,16,89.81,85.988,89.81,85.66,89.82,0.211249,92.9644,,,,13.076,,,,centralized/tune_lr_signmuon_unit-gain_0.07325_e15_t/seed0/metrics.json
tune_lr_signmuon_unit-gain_0.34_e15_t,0,lr,signmuon,unit-gain,tune,15,0.3400000000000002,0.001,0.9,0.0005,coupled,always,128,cifar10,resnet18,5,12345,16,83.81,68.102,83.81,67.628,83.32,0.47591,83.5622,,,,13.083,,,,centralized/tune_lr_signmuon_unit-gain_0.34_e15_t/seed0/metrics.json
tune_lr_signsgd_mup_0.005347_e15_t,0,lr,signsgd,mup,tune,15,0.005347110336321924,0.001,0.9,0.0,decoupled,always,128,cifar10,resnet18,5,12345,16,73.77,73.522,73.85,72.892,73.34,0.713239,74.6178,,,,10.916,,,,centralized/tune_lr_signsgd_mup_0.005347_e15_t/seed0/metrics.json
tune_lr_signsgd_mup_0.02482_e15_t,0,lr,signsgd,mup,tune,15,0.02481908762916731,0.001,0.9,0.0,decoupled,always,128,cifar10,resnet18,5,12345,16,87.44,86.83,87.44,86.568,87.22,0.255248,91.2622,,,,10.914,,,,centralized/tune_lr_signsgd_mup_0.02482_e15_t/seed0/metrics.json
tune_lr_signsgd_mup_0.1152_e15_t,0,lr,signsgd,mup,tune,15,0.11520000000000002,0.001,0.9,0.0,decoupled,always,128,cifar10,resnet18,5,12345,16,89.93,89.422,89.93,89.156,89.68,0.147574,94.9644,,,,10.893,,,,centralized/tune_lr_signsgd_mup_0.1152_e15_t/seed0/metrics.json
tune_lr_signsgd_mup_0.5347_e15_t,0,lr,signsgd,mup,tune,15,0.5347110336321922,0.001,0.9,0.0,decoupled,always,128,cifar10,resnet18,5,12345,16,88.47,88.174,88.55,88.064,88.68,0.198928,93.1956,,,,10.891,,,,centralized/tune_lr_signsgd_mup_0.5347_e15_t/seed0/metrics.json
tune_lr_signsgd_mup_11.52_e15_t,0,lr,signsgd,mup,tune,15,11.520000000000001,0.001,0.9,0.0,decoupled,always,128,cifar10,resnet18,5,12345,16,86.06,85.386,86.09,84.96,85.68,0.297948,89.7133,,,,10.896,,,,centralized/tune_lr_signsgd_mup_11.52_e15_t/seed0/metrics.json
tune_lr_signsgd_mup_2.482_e15_t,0,lr,signsgd,mup,tune,15,2.48190876291673,0.001,0.9,0.0,decoupled,always,128,cifar10,resnet18,5,12345,16,86.64,86.264,86.64,86.096,86.52,0.275109,90.4422,,,,10.898,,,,centralized/tune_lr_signsgd_mup_2.482_e15_t/seed0/metrics.json
tune_lr_signsgd_unit-gain_0.0034_e15_t,0,lr,signsgd,unit-gain,tune,15,0.003400000000000002,0.001,0.9,0.0005,coupled,always,128,cifar10,resnet18,5,12345,16,90.55,89.974,90.62,90.164,91.14,0.13006,95.5756,13,,,10.972,,,,centralized/tune_lr_signsgd_unit-gain_0.0034_e15_t/seed0/metrics.json
tune_lr_signsgd_unit-gain_0.01578_e15_t,0,lr,signsgd,unit-gain,tune,15,0.01578140203428345,0.001,0.9,0.0005,coupled,always,128,cifar10,resnet18,5,12345,16,90.17,88.17,90.17,87.772,89.8,0.189023,93.6267,15,,,10.942,,,,centralized/tune_lr_signsgd_unit-gain_0.01578_e15_t/seed0/metrics.json
tune_lr_signsgd_unit-gain_0.07325_e15_t,0,lr,signsgd,unit-gain,tune,15,0.07325077946108408,0.001,0.9,0.0005,coupled,always,128,cifar10,resnet18,5,12345,16,82.79,72.328,82.79,71.588,82.32,0.505526,82.6333,,,,10.946,,,,centralized/tune_lr_signsgd_unit-gain_0.07325_e15_t/seed0/metrics.json
tune_lr_signsgd_unit-gain_0.34_e15_t,0,lr,signsgd,unit-gain,tune,15,0.3400000000000002,0.001,0.9,0.0005,coupled,always,128,cifar10,resnet18,5,12345,16,58.93,36.814,58.93,36.844,59.78,1.137626,59.4378,,,,10.965,,,,centralized/tune_lr_signsgd_unit-gain_0.34_e15_t/seed0/metrics.json
tune_preflight_timing,0,preflight,muon,unit-gain,tune,2,0.015,0.001,0.9,0.0005,,always,128,cifar10,resnet18,5,12345,3,77.51,54.0667,77.51,53.4933,76.76,0.568767,80.3511,,,,12.75,,,,centralized/tune_preflight_timing/seed0/metrics.json
tune_preflight_timing_e2_t,0,preflight,muon,unit-gain,tune,2,0.015,0.001,0.9,0.0,decoupled,always,128,cifar10,resnet18,1,12345,3,81.84,81.84,81.84,81.58,81.58,0.507311,82.5756,,,,12.684,,,,centralized/tune_preflight_timing_e2_t/seed0/metrics.json
tune_verify_muon_mup_0.006962_e75_t,0,verify,muon,mup,tune,75,0.006962383250419168,0.001,0.9,0.0,decoupled,always,128,cifar10,resnet18,5,12345,76,94.07,94.078,94.14,94.184,94.34,0.00018,99.9933,7,35,59,12.966,,,,centralized/tune_verify_muon_mup_0.006962_e75_t/seed0/metrics.json
tune_verify_muon_mup_0.03232_e75_t,0,verify,muon,mup,tune,75,0.03231652035047826,0.001,0.9,0.0,decoupled,always,128,cifar10,resnet18,5,12345,76,94.05,94.082,94.15,94.78,94.88,0.000124,99.9978,8,34,64,12.948,,,,centralized/tune_verify_muon_mup_0.03232_e75_t/seed0/metrics.json
tune_verify_muon_mup_0.15_e75_t,0,verify,muon,mup,tune,75,0.15000000000000005,0.001,0.9,0.0,decoupled,always,128,cifar10,resnet18,5,12345,76,94.1,94.102,94.2,94.188,94.4,0.0004,99.9844,9,38,58,12.958,,,,centralized/tune_verify_muon_mup_0.15_e75_t/seed0/metrics.json
tune_verify_muon_unit-gain_0.0015_e75_t,0,verify,muon,unit-gain,tune,75,0.0015000000000000005,0.001,0.9,0.0005,coupled,always,128,cifar10,resnet18,5,12345,76,92.63,92.618,92.68,92.972,93.06,0.000789,99.9711,18,,,13.024,,,,centralized/tune_verify_muon_unit-gain_0.0015_e75_t/seed0/metrics.json
tune_verify_muon_unit-gain_0.006962_e75_t,0,verify,muon,unit-gain,tune,75,0.006962383250419168,0.001,0.9,0.0005,coupled,always,128,cifar10,resnet18,5,12345,76,93.51,93.434,93.51,93.68,93.76,0.000846,99.9867,23,58,,13.014,,,,centralized/tune_verify_muon_unit-gain_0.006962_e75_t/seed0/metrics.json
tune_verify_muon_unit-gain_0.03232_e75_t,0,verify,muon,unit-gain,tune,75,0.03231652035047826,0.001,0.9,0.0005,coupled,always,128,cifar10,resnet18,5,12345,76,92.58,92.514,92.64,92.828,92.94,0.006283,99.7978,53,,,12.978,,,,centralized/tune_verify_muon_unit-gain_0.03232_e75_t/seed0/metrics.json
tune_verify_signmuon_mup_0.5347_e75_t,0,verify,signmuon,mup,tune,75,0.5347110336321922,0.001,0.9,0.0,decoupled,always,128,cifar10,resnet18,5,12345,76,94.11,94.112,94.15,94.352,94.44,0.000158,99.9956,10,37,66,13.003,,,,centralized/tune_verify_signmuon_mup_0.5347_e75_t/seed0/metrics.json
tune_verify_signmuon_mup_11.52_e75_t,0,verify,signmuon,mup,tune,75,11.520000000000001,0.001,0.9,0.0,decoupled,always,128,cifar10,resnet18,5,12345,76,94.33,94.266,94.33,94.036,94.22,0.000213,99.9956,9,33,58,13.004,,,,centralized/tune_verify_signmuon_mup_11.52_e75_t/seed0/metrics.json
tune_verify_signmuon_mup_2.482_e75_t,0,verify,signmuon,mup,tune,75,2.48190876291673,0.001,0.9,0.0,decoupled,always,128,cifar10,resnet18,5,12345,76,94.3,94.27,94.31,94.368,94.52,0.000184,99.9956,8,37,53,13.012,,,,centralized/tune_verify_signmuon_mup_2.482_e75_t/seed0/metrics.json
tune_verify_signmuon_unit-gain_0.0034_e75_t,0,verify,signmuon,unit-gain,tune,75,0.003400000000000002,0.001,0.9,0.0005,coupled,always,128,cifar10,resnet18,5,12345,76,93.14,93.136,93.17,93.456,93.6,0.000985,99.9733,12,63,,13.073,,,,centralized/tune_verify_signmuon_unit-gain_0.0034_e75_t/seed0/metrics.json
tune_verify_signmuon_unit-gain_0.01578_e75_t,0,verify,signmuon,unit-gain,tune,75,0.01578140203428345,0.001,0.9,0.0005,coupled,always,128,cifar10,resnet18,5,12345,76,93.12,93.094,93.21,93.004,93.08,0.002575,99.9222,33,66,,13.033,,,,centralized/tune_verify_signmuon_unit-gain_0.01578_e75_t/seed0/metrics.json
tune_verify_signmuon_unit-gain_0.07325_e75_t,0,verify,signmuon,unit-gain,tune,75,0.07325077946108408,0.001,0.9,0.0005,coupled,always,128,cifar10,resnet18,5,12345,76,91.07,90.974,91.07,90.584,90.68,0.048808,98.3489,65,,,12.946,,,,centralized/tune_verify_signmuon_unit-gain_0.07325_e75_t/seed0/metrics.json
